company,date,title,dateCollect,status,location,recommend,outlook,ceo,pros,cons,adviceManag,id,rating
Oracle,17 de Maio de 2013,Empresa excelente para se trabalhar,2018-05-09,Mensageiro (Função: Auxiliar Administrativo) (Ex-Funcionário) –  ,"Brasília, DF",NI,NI,NI,PrósAlto nível de benefícios e ações de QVT,ContrasFalta de oportunidade de crescimento,NI,0e7c5d077b67a263,3
Oracle,13 de Abril de 2018,Empresa muito estruturada,2018-05-09,Business Development Consultant (Ex-Funcionário) –  ,"São Paulo, SP",NI,NI,NI,PrósBons benefícios e estruturas,ContrasPressão excessiva,NI,dc956168f3518b65,4
Oracle,16 de Março de 2018,I rate it as one of the best experience of my career,2018-05-09,Director Specialist (Ex-Funcionário) –  ,Rio de Janeiro,NI,NI,NI,"PrósExcellence in what is delivered to customer, peer support",ContrasPolitics,NI,769ff21b0c7ad6cf,5
Oracle,23 de Fevereiro de 2018,Boa empresa.,2018-05-09,Administrador de Banco de Dados (Ex-Funcionário) –  ,"Rio de Janeiro, RJ",NI,NI,NI,Prósambiente,Contrasconstantes mudanças,NI,de852e308eaeb11c,5
Oracle,12 de Dezembro de 2017,Focada em vendas,2018-05-09,Strategic Alliances & Channels Director - LATAM (Ex-Funcionário) –  ,"São Paulo, SP",NI,NI,NI,NI,NI,NI,7514fef2918bffc9,4
Oracle,9 de Novembro de 2017,Uma das melhores empresas a se trabalhar,2018-05-09,Consultor de Vendas (Ex-Funcionário) –  ,"São Paulo, SP",NI,NI,NI,"PrósSalário, Benefícios, Horário Flexível","ContrasPoliticagem, gestor despreparado",NI,e4289777f951b985,4
Oracle,6 de Novembro de 2017,Empresa Dinamica,2018-05-09,Sales Representative (Ex-Funcionário) –  ,"São Paulo, SP",NI,NI,NI,PrósBenefícios,ContrasCultura da empresa,NI,13028fdfb5312a2a,3
Oracle,17 de Outubro de 2017,Empresa com ótimos beneficios,2018-05-09,Business development consultant (Ex-Funcionário) –  ,"São Paulo, SP",NI,NI,NI,NI,NI,NI,56e94ad446b0c3a6,5
Oracle,16 de Outubro de 2017,Ótima empresa,2018-05-09,Service Sales Renewal Representative II (Ex-Funcionário) –  ,"São Paulo, SP",NI,NI,NI,PrósFlexibilidade,ContrasEstacionamento,NI,a2a86f2871b85eb0,5
Oracle,5 de Outubro de 2017,Ambiente Profissional de alto nível,2018-05-09,DBA Oracle Senior (Ex-Funcionário) –  ,"Rio de Janeiro, RJ",NI,NI,NI,NI,NI,NI,a2162a23a1e114a1,5
Oracle,3 de Outubro de 2017,stressfull company,2018-05-09,Senior Lawyer (Ex-Funcionário) –  ,São Paulo,NI,NI,NI,Próshigh tech company,Contrasthe agressive envoironment,NI,537810e1dc214a03,3
Oracle,21 de Agosto de 2017,"Mais Bônus, que ônus.",2018-05-09,Gerente Comercial Senior (Ex-Funcionário) –  ,"São Paulo, SP",NI,NI,NI,PrósPaga-se bem,ContrasCompromete a saúde mental,NI,92d667213268dfb2,4
Oracle,8 de Agosto de 2017,Sales Representative,2018-05-09,Sales Representative (Ex-Funcionário) –  ,"São Paulo, SP",NI,NI,NI,Prósna,Contrasna,NI,c8e65c9f6b85b941,5
Oracle,5 de Agosto de 2017,Excelente,2018-05-09,Channel Sales Manager (Ex-Funcionário) –  ,"São Paulo, SP",NI,NI,NI,NI,NI,NI,b11ee86d3ce75c26,5
Oracle,5 de Agosto de 2017,Overwork constantly,2018-05-09,Quality Assurance Manager (Ex-Funcionário) –  ,São Paulo,NI,NI,NI,"PrósTechnology, market reputation","ContrasHR, Human Factor, ignore personal life",NI,e92184134fd97d36,3
Oracle,3 de Julho de 2017,"É uma empresa que se diz moderna, porém sem nenhuma caracterísca.",2018-05-09,Territory Sales Manager (Ex-Funcionário) –  ,"São Paulo, SP",NI,NI,NI,Prósbenefícios (seguro saúde),Contrasmodelo de comissionamento ruim,NI,fba3fc841dff1735,1
Oracle,21 de Junho de 2017,Ok,2018-05-09,Oracle DBA Sr (Ex-Funcionário) –  ,"São Paulo, SP",NI,NI,NI,PrósEnvolvimento com altíssima tecnologia,ContrasExcesso de chefes,NI,5739910c77d07978,2
Oracle,14 de Junho de 2017,Empresa boa para se trabalhar,2018-05-09,Technical Account Manager (Ex-Funcionário) –  ,"São Paulo, SP",NI,NI,NI,"Próspaga regularmente, e tem bons niveis de benefícios e participação de lucro",Contrasambiente com exageros de exigência na área de vendas,NI,7ff25f7593acc8c1,5
Oracle,23 de Maio de 2017,Excelente,2018-05-09,Trainee em Informática (Ex-Funcionário) –  ,"São Paulo, SP",NI,NI,NI,PrósSalários e Benefícios,ContrasDistancia entre residencia e localidade,NI,31e4e262aaa5571e,5
Oracle,3 de Maio de 2017,Excelent company,2018-05-09,Independent Consultant/Contractor (Ex-Funcionário) –  ,São Paulo,NI,NI,NI,NI,NI,NI,c1f91ea75a99ea58,4
Oracle,18 de Abril de 2017,Empresa dinamica e competitiva,2018-05-09,Gerente (Funcionário Atual) –  ,"São Paulo, SP",NI,NI,NI,"PrósOs beneficios são otimos, salario de acordo com mercado","ContrasNao tem Previdencia, ambiente competitivo e hostil as vezes nao é harmonioso",NI,03f0fc476f62db90,4
Oracle,17 de Maio de 2013,Empresa excelente para se trabalhar,2018-05-09,Mensageiro (Função: Auxiliar Administrativo) (Ex-Funcionário) –  ,"Brasília, DF",NI,NI,NI,PrósAlto nível de benefícios e ações de QVT,ContrasFalta de oportunidade de crescimento,NI,0e7c5d077b67a263,3
Oracle,30 de Março de 2017,Buen ambiente laboral,2018-05-09,Customer Success Manager (Ex-Funcionário) –  ,Rio de Janeiro,NI,NI,NI,PrósSeguros,ContrasAumentos,NI,d4443059a23a25e6,5
Oracle,22 de Março de 2017,Great company.,2018-05-09,Account Executive for Strategic Accounts (Funcionário Atual) –  ,"Rio de Janeiro, Brazil",NI,NI,NI,NI,NI,NI,9002f427e34ee9be,5
Oracle,9 de Março de 2017,agradavel,2018-05-09,Analista de Sistemas (Ex-Funcionário) –  ,"São Paulo, SP",NI,NI,NI,Prósgrande empresa para crescimento,Contrasmal remunerado,NI,df26b30ff3270be1,5
Oracle,8 de Março de 2017,Empresa adorável para trabalhar,2018-05-09,Assistente Administrativa (Ex-Funcionário) –  ,"São Paulo, SP",NI,NI,NI,PrósMuitos Benefícios,ContrasDistante da Residência,NI,d224bcad3b5e82b2,4
Oracle,7 de Março de 2017,Local de Muito Aprendizado,2018-05-09,Territory Manager (Ex-Funcionário) –  ,São Paulo,NI,NI,NI,PrósRemuneração agressiva,ContrasCompetição muitas vezes desleal,NI,d07487d516e1aeed,4
Oracle,20 de Janeiro de 2017,Ótima empresa para trabalhar.,2018-05-09,Principal Consultant (Funcionário Atual) –  ,São Paulo,NI,NI,NI,NI,NI,NI,cf61c4d4bd9b4fb4,5
Oracle,12 de Janeiro de 2017,"Empresa dinâmica, de forte cultura.",2018-05-09,Estagiário de Consultoria de CRM (Ex-Funcionário) –  ,"São Paulo, SP",NI,NI,NI,"PrósBoas instalações, e bons benefícios.","ContrasSe o local do cliente for de alto nível, o vale-refeição pode não ser suficiente.",NI,4cdb16da8bfadf6c,3
Oracle,28 de Dezembro de 2016,Pior Experiencia da Minha Vida,2018-05-09,Analista de Nagocios (Ex-Funcionário) –  ,São Paulo,NI,NI,NI,PrósSalario e beneficios,ContrasTodo o resto,NI,af0d9d2b28675aeb,1
Oracle,14 de Setembro de 2016,Empresa dinâmica,2018-05-09,Project Manager (Ex-Funcionário) –  ,"Rio de Janeiro, RJ",NI,NI,NI,PrósBenefícios,,NI,dcbf527cba9dbd0f,5
Oracle,4 de Setembro de 2016,Empresa extremamente competitiva,2018-05-09,Gerente de Vendas de Software (Ex-Funcionário) –  ,"Rio de Janeiro, RJ",NI,NI,NI,NI,NI,NI,a5878da2931f0e38,5
Oracle,28 de Julho de 2016,Empresa dinâmica com foco em venda de tecnologia,2018-05-09,Senior Field Solution Manager (Ex-Funcionário) –  ,"São Paulo, SP",NI,NI,NI,Prósambiente de trabalho e ferramental,ContrasDecisões externas muitas vezes afetam o desempenho das áreas no país,NI,477d3a965b0f110f,5
Oracle,4 de Julho de 2016,"Empresa dinâmica, ambiente desafiador, crescimento profissional",2018-05-09,Support Sales Representative (Ex-Funcionário) –  ,"São Paulo, SP",NI,NI,NI,"PrósBenefícios, remuneração",ContrasNão preza pelo equilíbrio entre trabalho e vida pessoal,NI,c25f86d3e7a92b7a,5
Oracle,14 de Junho de 2016,Empresa com oportunidade de altas comissões e muito dinamica.,2018-05-09,Executivo Comercial (Funcionário Atual) –  ,"São Paulo, SP",NI,NI,NI,NI,NI,NI,7c0d8b9edd1ef0ae,5
Oracle,14 de Junho de 2016,Empresa inovadora,2018-05-09,Consultor Principal (Ex-Funcionário) –  ,"São Paulo, SP",NI,NI,NI,NI,NI,NI,a669fd46ec51eb83,4
Oracle,6 de Junho de 2016,Dinâmica,2018-05-09,Sales Manager (Funcionário Atual) –  ,"Rio de Janeiro, RJ",NI,NI,NI,PrósDesafiadora,ContrasTurn-over alto,NI,4f690fccc1d550ec,2
Oracle,23 de Maio de 2016,Empresa me trouxe muita experiencia e preparo,2018-05-09,Duty Manager/DBA JR (Funcionário Atual) –  ,"Rio de Janeiro, RJ",NI,NI,NI,PrósExperiencia unica,Contrascontratos PJ,NI,e5e0698db7fc654b,5
Oracle,5 de Maio de 2016,Empresa Imponente,2018-05-09,Estagiário - Vendas (Ex-Funcionário) –  ,"São Paulo, SP",NI,NI,NI,PrósAmbiente de Trabalho,ContrasPromoção,NI,6a1b9ebe10911912,4
Oracle,26 de Novembro de 2015,Aprendizado,2018-05-09,Analista de Projetos (Funcionário Atual) –  ,"Rio de Janeiro, RJ",NI,NI,NI,PrósHome Office,ContrasForma de contratação(PJ),NI,e99d6b64278c0ac5,4
Oracle,9 de Novembro de 2015,Good place,2018-05-09,Internship (Ex-Funcionário) –  ,"Sao Paulo,SP",NI,NI,NI,NI,NI,NI,41f6813720470335,4
Oracle,6 de Novembro de 2015,An exciting and challenger way to earn money,2018-05-09,ISV Sales Director Brazil (Funcionário Atual) –  ,"São Paulo, SP",NI,NI,NI,"PrósSalary, Comissions, Environment",ContrasWorking in Brazil with a unstable dollar rate,NI,b87c8125b96583be,5
IFOOD,8 de Janeiro de 2018,Empresa em constante mudança,2018-05-09,Pós-Vendas / Analista de Vendas Jr (Ex-Funcionário) –  ,"Jundiaí, SP",NI,NI,NI,PrósSempre se inovando,ContrasInstabilidade,NI,0177df9d6763350d,4
IFOOD,27 de Setembro de 2017,Empresa dinâmica,2018-05-09,Assistente Operacional (Ex-Funcionário) –  ,"São Paulo, SP",NI,NI,NI,"PrósTudo na empresa benefícios, salário e etc.",ContrasNada contra,NI,ee55235cf475eddf,5
IFOOD,2 de Agosto de 2017,Empresa dinamica com bastante conhecimento.,2018-05-09,Assistente Operacional (Ex-Funcionário) –  ,"São Paulo, SP",NI,NI,NI,PrósTem bons benefícios,ContrasGestores da equipe fracos,NI,1810950dcb634a5b,5
IFOOD,5 de Setembro de 2013,Start-up delivery online,2018-05-09,UI / UX Analyst (Funcionário Atual) –  ,São Paulo - Brazil,NI,NI,NI,NI,NI,NI,da94f69cc9e7bf59,5
IFOOD,8 de Janeiro de 2018,Empresa em constante mudança,2018-05-09,Pós-Vendas / Analista de Vendas Jr (Ex-Funcionário) –  ,"Jundiaí, SP",NI,NI,NI,PrósSempre se inovando,ContrasInstabilidade,NI,0177df9d6763350d,4
IFOOD,27 de Setembro de 2017,Empresa dinâmica,2018-05-09,Assistente Operacional (Ex-Funcionário) –  ,"São Paulo, SP",NI,NI,NI,"PrósTudo na empresa benefícios, salário e etc.",ContrasNada contra,NI,ee55235cf475eddf,5
IFOOD,2 de Agosto de 2017,Empresa dinamica com bastante conhecimento.,2018-05-09,Assistente Operacional (Ex-Funcionário) –  ,"São Paulo, SP",NI,NI,NI,PrósTem bons benefícios,ContrasGestores da equipe fracos,NI,1810950dcb634a5b,5
IFOOD,5 de Setembro de 2013,Start-up delivery online,2018-05-09,UI / UX Analyst (Funcionário Atual) –  ,São Paulo - Brazil,NI,NI,NI,NI,NI,NI,da94f69cc9e7bf59,5
IBM,10 de Abril de 2018,Não temos a visão da carreira a longo prazo.,2018-05-09,Consultor de TI (Ex-Funcionário) –  ,Brasília,NI,NI,NI,Prósatualização tecnológica disponível,Contrashierarquia complicada,NI,f6f87b0e51a24d9b,4
IBM,7 de Maio de 2018,Empresa com ótimas culturas internas,2018-05-09,System Analyst (Ex-Funcionário) –  ,"Hortolândia, SP",NI,NI,NI,NI,NI,NI,a31f6a4c8d3d5b9a,5
IBM,3 de Maio de 2018,Boa empresa,2018-05-09,Analista de Contratos LATAM (Ex-Funcionário) –  ,"Rio de Janeiro, RJ",NI,NI,NI,NI,NI,NI,3581d2c9b2d09c84,3
IBM,2 de Maio de 2018,agradavel de trabalhar,2018-05-09,especialista de sistemas (Ex-Funcionário) –  ,"Hortolândia, SP",NI,NI,NI,NI,NI,NI,09eb9b822deafd3c,3
IBM,2 de Maio de 2018,Boa para aprendizado,2018-05-09,Analista de Middleware (Funcionário Atual) –  ,"Hortolândia, SP",NI,NI,NI,NI,NI,NI,cb34a09369a88976,4
IBM,2 de Maio de 2018,Gaiola de ouro,2018-05-09,Suporte Técnico em Informática (Ex-Funcionário) –  ,"Hortolândia, SP",NI,NI,NI,PrósOtimos beneficios,ContrasConsome sua saude e sua vida,NI,6d0430642030878c,3
IBM,30 de Abril de 2018,Baixa,2018-05-09,Help Desk Manager (Ex-Funcionário) –  ,"Vila Mariana, SP",NI,NI,NI,"Prósexperiencia na área, benefícios.","Contrascarga horaria pesada, má gerencia.",NI,519b8adb20dc7e17,3
IBM,30 de Abril de 2018,Uma empresa boa para se trabalhar,2018-05-09,Analista Administrativo de Projeto PL (Ex-Funcionário) –  ,"Hortolândia, SP",NI,NI,NI,NI,NI,NI,20c8846eb467a2c8,4
IBM,28 de Abril de 2018,Empresa Nota 10,2018-05-09,Assistente Administrativo (Ex-Funcionário) –  ,"Florianópolis, SC",NI,NI,NI,Prósotimos beneficios,ContrasNada,NI,5fea7b69a8af136e,5
IBM,25 de Abril de 2018,Muito boa,2018-05-09,Analista Peoplesoft / Basis (Ex-Funcionário) –  ,"São Paulo, SP",NI,NI,NI,PrósMetodologia,ContrasCrescimento Profissional,NI,eb8178cd55911bb7,4
IBM,24 de Abril de 2018,Un gran ambiente de trabajo con interacción diaria con socios de todo el mundo.,2018-05-09,Analista de Procesos (Ex-Funcionário) –  ,São Paulo,NI,NI,NI,PrósBuenos beneficios,Contrasmuy burocrática,NI,035cfbde30b530cc,5
IBM,23 de Abril de 2018,Grandes Oportunidades de crescimento,2018-05-09,Site Manager (Ex-Funcionário) –  ,"Rio de Janeiro Capital, RJ",NI,NI,NI,PrósOportunidade de Desenvolvimento,Contrasnada,NI,a928cdfcfd227db4,5
IBM,23 de Abril de 2018,Ótima Empresa.,2018-05-09,Especialista Técnico. (Ex-Funcionário) –  ,"Recife, PE",NI,NI,NI,NI,NI,NI,d2b93dfa0c7e3319,5
IBM,20 de Abril de 2018,Empresa muito boa,2018-05-09,Especialista em sistemas / TSM Administrator (Ex-Funcionário) –  ,"Hortolândia, SP",NI,NI,NI,NI,NI,NI,c06fb10cf35dbca1,5
IBM,19 de Abril de 2018,Boa empresa,2018-05-09,DBA Oracle (Ex-Funcionário) –  ,"São Paulo, SP",NI,NI,NI,"PrósRefeição, Plano de Saúde",ContrasDemissão em massa.,NI,aa87326c309a9d20,4
IBM,18 de Abril de 2018,Excelente empresa para se trabalhar,2018-05-09,Analista de Sistemas (Ex-Funcionário) –  ,"São Paulo, SP",NI,NI,NI,NI,NI,NI,55fda8b10798e024,5
IBM,18 de Abril de 2018,Melhor empresa pra se trabalhar,2018-05-09,Analista de Sistemas Pleno (Ex-Funcionário) –  ,"Hortolândia, SP",NI,NI,NI,NI,NI,NI,a7f2aca8e6d4e076,5
IBM,16 de Abril de 2018,Agradável de trabalhar,2018-05-09,Assistente de Compras (Funcionário Atual) –  ,"Hortolândia, SP",NI,NI,NI,NI,NI,NI,b9ce580bde851175,4
IBM,16 de Abril de 2018,Empresa que nao se sobe por mérito,2018-05-09,Funcionária Sênior de Customer Support Operations (Ex-Funcionário) –  ,"Campinas, SP",NI,NI,NI,NI,NI,NI,7e46e7a9eb9600bc,2
IBM,16 de Abril de 2018,Uma boa empresa para se trabalhar e se desenvolver.,2018-05-09,Mainframe Ops Analyst (Ex-Funcionário) –  ,"Hortolândia, SP",NI,NI,NI,NI,NI,NI,3eda6a2bac026a6b,4
IBM,16 de Abril de 2018,Razoavel,2018-05-09,Analista fiunanceiro (Ex-Funcionário) –  ,"Hortolândia, SP",NI,NI,NI,PrósSalario Bom,ContrasGerencia explora o emocional dos funcionarios muitos ate chegam a desmerecer os mesmos,NI,f0b740ec98ac95c6,3
IBM,10 de Abril de 2018,Não temos a visão da carreira a longo prazo.,2018-05-09,Consultor de TI (Ex-Funcionário) –  ,Brasília,NI,NI,NI,Prósatualização tecnológica disponível,Contrashierarquia complicada,NI,f6f87b0e51a24d9b,4
IBM,14 de Abril de 2018,Diversidade não é aplicada,2018-05-09,"BUSINESS DEVELOPMENT, SERVICES  ""RETAIL MARKET"" (Ex-Funcionário) –  ","São Paulo, SP",NI,NI,NI,PrósPossibilidades de aprendizado,ContrasDiversidade,NI,c2a08b66e949e482,1
IBM,12 de Abril de 2018,Poderia ser um excelente lugar.. mas atualmente deixa a desejar.,2018-05-09,L. America - Business development executive (Funcionário Atual) –  ,"São Paulo, SP",NI,NI,NI,NI,NI,NI,d6e5865977ae210d,3
IBM,12 de Abril de 2018,Estruturada,2018-05-09,ANALISTA DE TI (Ex-Funcionário) –  ,"Hortolândia, SP",NI,NI,NI,PrósPlano de Carreira,ContrasProcessos internos,NI,5e86be6babf1bcd8,5
IBM,11 de Abril de 2018,Uma empresa muito boa para se trabalhar,2018-05-09,Jovem Aprendiz (Ex-Funcionário) –  ,"Hortolândia, SP",NI,NI,NI,PrósTodos os benefícios e as oportunidades oferecidas pela Instituição,ContrasO salário,NI,6a9abc3f134f5bdf,5
IBM,9 de Abril de 2018,Emotional Intelligence and Skills,2018-05-09,Business Technology Coordinator (Funcionário Atual) –  ,Rio de Janeiro,NI,NI,NI,PrósGreat environment,ContrasToo many extra hours,NI,23c071468c2e71d1,4
IBM,5 de Abril de 2018,Not a Very Good Experience,2018-05-09,Incentive Plan Advisor (Ex-Funcionário) –  ,Brasil,NI,NI,NI,PrósIncentive Plan Advisor,"ContrasLong Hours, No Worklife Balance",NI,ba91d5edb9c2e9cb,2
IBM,4 de Abril de 2018,Excelente ambiente de trabalho,2018-05-09,IT Specialist (Funcionário Atual) –  ,Rio de Janeiro,NI,NI,NI,Prósambiente de trabalho motivador,Contrasequipe espalhada geograficamente,NI,34958b443f878ae7,5
IBM,2 de Abril de 2018,Empresa excelente de trabalhar mas cheia de burocracia,2018-05-09,Desenvolvedor Java WebService SOA (Ex-Funcionário) –  ,"Porto Alegre, RS",NI,NI,NI,NI,NI,NI,93fd68e1acb5154b,4
IBM,2 de Abril de 2018,Otima empresa,2018-05-09,Analista (Ex-Funcionário) –  ,"São Paulo, SP",NI,NI,NI,NI,NI,NI,7106a28614fcdc0c,4
IBM,29 de Março de 2018,Excelente Empresa para se trabalhar.,2018-05-09,Coordenador de TI (Ex-Funcionário) –  ,"Hortolândia, SP",NI,NI,NI,PrósOportunidade para se desenvolver tecnicamente e crescer na vertical ou horizontal.,,NI,ea55b22bc5b07ba6,5
IBM,28 de Março de 2018,Não valoriza funcionários,2018-05-09,Técnico de processamento de dados especialista (Ex-Funcionário) –  ,"São Paulo, SP",NI,NI,NI,PrósAtenção dos gerentes e benefícios,ContrasDesigualdade salarial de funcionários exercendo mesma função,NI,c8e3e2b58e66f0a0,3
IBM,27 de Março de 2018,Empresa dinâmica e agradável de trabalhar.,2018-05-09,Especialista de Sistemas Mainframe (Funcionário Atual) –  ,"Hortolândia, SP",NI,NI,NI,,ContrasMuitas horas extras. E vai para banco de horas.,NI,bf5a21301c1dac88,5
IBM,25 de Março de 2018,Important for Career Development,2018-05-09,BI Analyst and Developer (Ex-Funcionário) –  ,Rio de Janeiro,NI,NI,NI,NI,NI,NI,af245be00ee23781,3
IBM,23 de Março de 2018,Empresa agradável para trabalhar,2018-05-09,Assistente Administrativo (Ex-Funcionário) –  ,"Hortolândia, SP",NI,NI,NI,NI,NI,NI,5e8c99206960ba68,4
IBM,22 de Março de 2018,"Empresa dinamica, agradavel de se trabalhar com otimas oportunidades",2018-05-09,CTO - Chief Technology Officer (Ex-Funcionário) –  ,"Sao Paulo, SP e filiais nas capitais",NI,NI,NI,"Próssalarios e beneficios, desenvolvimento profissional",ContrasN/A,NI,29805318c6fb0d13,5
IBM,21 de Março de 2018,ótima empresa,2018-05-09,Jovem Aprendiz (Ex-Funcionário) –  ,"Hortolândia, SP",NI,NI,NI,PrósAmbiente agradável,,NI,6d714baa78151702,5
IBM,20 de Março de 2018,"Empresa moderna, dinâmica, com bom clima organizacional",2018-05-09,Assistente Administrativo (Ex-Funcionário) –  ,"Hortolândia, SP",NI,NI,NI,NI,NI,NI,e6543042c12b4b8f,5
IBM,19 de Março de 2018,Empresa muito boa mas com péssima gestão,2018-05-09,Estagiária (Ex-Funcionário) –  ,"São Paulo, SP",NI,NI,NI,"PrósBom beneficios, bom para carteira de trabalho",ContrasGerencia não é preparada,NI,fa9e2c88e557ff83,3
IBM,19 de Março de 2018,Nice place to work.,2018-05-09,Project Manager (Funcionário Atual) –  ,São Paulo,NI,NI,NI,PrósWork life balance,ContrasWorkforce re balancing actions are affecting our capacity to deliver projects.,NI,d211de7d17a67acc,5
IBM,19 de Março de 2018,Empresa Promissora,2018-05-09,Desenvolvedor (btp-estagiaria) (Ex-Funcionário) –  ,"Hortolândia, SP",NI,NI,NI,PrósSuper estrutura de trabalho,Contrasfalta de organização na gerencia do Departamento Pessoal,NI,5a8e7e6c6bfdb580,3
Microsoft,2 de Fevereiro de 2016,Uma otima empresa,2018-05-09,aulixilar de serviços gerais (Ex-Funcionário) –  ,"Brasília, DF",NI,NI,NI,Próssim,,NI,cd0f7b543e214e4b,5
Microsoft,30 de Abril de 2018,Open work spaces and fun environment,2018-05-09,Human Resources Generalist and Executive Assistant (Ex-Funcionário) –  ,Brazil,NI,NI,NI,PrósGreat cafeteria,Contrasbe available all the time,NI,7cc522a338b5c5c1,3
Microsoft,28 de Abril de 2018,uma das melhores,2018-05-09,Analista Administrativo/Financeiro (Ex-Funcionário) –  ,"São Paulo, SP",NI,NI,NI,NI,NI,NI,633f89c6aadf8729,5
Microsoft,23 de Abril de 2018,Empresa com bom ambiente mas com pouca meritocracia,2018-05-09,Digital Marketing Coordinator (Ex-Funcionário) –  ,"São Paulo, SP",NI,NI,NI,PrósÓtimo ambiente e team work,Contraspouco reconhecimento,NI,7ea8369867757e9a,4
Microsoft,23 de Março de 2018,Muito boa para se trabalhar,2018-05-09,Almoxarifado (Ex-Funcionário) –  ,"Manaus, AM",NI,NI,NI,Prósbeneficio,ContrasNão tenho nada contra,NI,dd3b2164f68f4fe2,5
Microsoft,14 de Março de 2018,Experiência Incrível,2018-05-09,Executivo de Negócios (Ex-Funcionário) –  ,"São Paulo, SP",NI,NI,NI,NI,NI,NI,80efb04c13207c8e,4
Microsoft,22 de Fevereiro de 2018,Empresa com bom Ambiente,2018-05-09,"Suporte de contas,vendas e faturamento (Ex-Funcionário) –  ","São Paulo, SP",NI,NI,NI,PrósÓtimo ambiente e ótimo refeitório,"ContrasNão ter horário de almoço, somente pequenas pusas",NI,69f369b350f56446,5
Microsoft,15 de Fevereiro de 2018,Dinamica e muito boa de trabalhar,2018-05-09,auxiliar de produção (Ex-Funcionário) –  ,"Manaus, AM",NI,NI,NI,NI,NI,NI,ea0ceee75c68ea0c,5
Microsoft,14 de Fevereiro de 2018,Empresa muito boa,2018-05-09,ANALISTA DA ÁREA DE MARKETING (Ex-Funcionário) –  ,"São Paulo, SP",NI,NI,NI,PrósClima,Contrastrabalho alem do expediente,NI,20349308cf6b32a0,4
Microsoft,12 de Janeiro de 2018,Internship,2018-05-09,Marketing Internship (Ex-Funcionário) –  ,"Sao Paulo, Brazil",NI,NI,NI,NI,NI,NI,cae3dc21d4178187,5
Microsoft,30 de Novembro de 2017,High recommended place to work,2018-05-09,MTE Process Engineer (Ex-Funcionário) –  ,Amazonas,NI,NI,NI,PrósBenefits,ContrasManufacturing Closed,NI,a5a52863849e0040,4
Microsoft,5 de Novembro de 2017,Empresa excelente. Ambiente e condiçoes de trabalho entre os melhores que ja esperimentei.,2018-05-09,Consultor de Merchandising (Ex-Funcionário) –  ,"São Paulo, SP",NI,NI,NI,"PrósBeneficios excelentes, planos que garantiam dignidade com respeito a todos.",ContrasAcabou,NI,0ca2c71eff364b90,5
Microsoft,25 de Outubro de 2017,Flexibility and open communication,2018-05-09,Supply Planning Specialist (Ex-Funcionário) –  ,Amazonas,NI,NI,NI,"PrósWorldwide visibility, flexibility",ContrasSeveral hierarchies,NI,e1845521e11093fd,4
Microsoft,13 de Setembro de 2017,otima empresa,2018-05-09,Especialista Financeiro (Ex-Funcionário) –  ,"São Paulo, SP",NI,NI,NI,NI,NI,NI,6cbc836d269deec9,4
Microsoft,8 de Setembro de 2017,Empresa muito organizada e bem colocada no mercado,2018-05-09,Regional Security Manager (Ex-Funcionário) –  ,"Centro Empresarial Naçoes Unidas, São Paulo, SP",NI,NI,NI,Próstecnologia,Contrasnenhum,NI,88763f9e82f9163e,4
Microsoft,31 de Agosto de 2017,"Hard work, low playing",2018-05-09,IT Consultant (Ex-Funcionário) –  ,São Paulo,NI,NI,NI,NI,NI,NI,4f18f66c1c77256a,4
Microsoft,2 de Agosto de 2017,Agressiva!!,2018-05-09,Gerente (Ex-Funcionário) –  ,"São Paulo, SP",NI,NI,NI,PrósSalario e benefícios,ContrasAdministrativo,NI,1c85366ee428f1a9,4
Microsoft,14 de Julho de 2017,"empresa com visão do futuro, mas devido ao mercado e a concorrência e nosso Brasil teve o fechamento",2018-05-09,Analista de Projetos Sênior (Ex-Funcionário) –  ,região de Ribeirão Preto,NI,NI,NI,Prósmais de 15 horas trabalhadas por dia,Contrasnada contra,NI,b5ed2edf6c056b55,5
Microsoft,29 de Maio de 2017,Boa Cultura e impacto na sociedade,2018-05-09,Estagiário de Comunicação (Ex-Funcionário) –  ,"São Paulo, SP",NI,NI,NI,"PrósBoa localização, remuneração satisfatória, vale refeição, vale transporte",ContrasBaixa taxa de efetivação,NI,7306e4608479dfdf,5
Microsoft,9 de Maio de 2017,Empresa dinâmica e agradavél de trabalhar,2018-05-09,Almoxarife (Ex-Funcionário) –  ,Estoque,NI,NI,NI,NI,NI,NI,18f31340f46a2be3,5
Microsoft,28 de Abril de 2017,Empresa muito dinamica,2018-05-09,Analista de Controladoria Sênior (Funcionário Atual) –  ,"Manaus, AM",NI,NI,NI,NI,NI,NI,7c422a6c7d2adf2f,5
Microsoft,2 de Fevereiro de 2016,Uma otima empresa,2018-05-09,aulixilar de serviços gerais (Ex-Funcionário) –  ,"Brasília, DF",NI,NI,NI,Próssim,,NI,cd0f7b543e214e4b,5
Microsoft,6 de Abril de 2017,Otima,2018-05-09,promotor de vendas (Ex-Funcionário) –  ,"Campinas, SP",NI,NI,NI,Prós.,ContrasSim,NI,fd294f60af1d9250,5
Microsoft,28 de Março de 2017,Empresa moderna e agradável para trabalhar,2018-05-09,Analista de Negócios (Ex-Funcionário) –  ,"São Paulo, SP",NI,NI,NI,PrósExcelente estrutura para trabalhar,ContrasRegião tem estacionamentos caros,NI,44a680d40d7f87df,4
Microsoft,19 de Março de 2017,Aprendi muito.,2018-05-09,Voluntário Suporte Técnico em TI (Ex-Funcionário) –  ,"Recife, PE",NI,NI,NI,PrósBom lugar para iniciar.,ContrasPoucas pessoas na equipe de suporte.,NI,927742efad2bc51e,5
Microsoft,16 de Março de 2017,Agência pequena com ótimo ambiente de trabalho,2018-05-09,Estagiária (Ex-Funcionário) –  ,"São Paulo, SP",NI,NI,NI,PrósAmbiente de trabalho,ContrasBaixa perspectiva de crescimento,NI,c82e03427fc21b7d,4
Microsoft,2 de Março de 2017,Boa empresa,2018-05-09,Lider de Produção (Funcionário Atual) –  ,"Manaus, AM",NI,NI,NI,"Próstransporte, refeição",Contrasnão podiamos fazer comemorações na empresa,NI,e8c532dd4bee1125,4
Microsoft,1 de Março de 2017,Empresa boa mas com pouca perspectiva de crescimento,2018-05-09,Vendedora (Ex-Funcionário) –  ,"Contagem, MG",NI,NI,NI,NI,NI,NI,fab370e3aa7e5e8a,4
Microsoft,22 de Fevereiro de 2017,Bom para aprender e crescer,2018-05-09,Estagiário (Ex-Funcionário) –  ,CENU,NI,NI,NI,NI,NI,NI,45a0821e872e1ba2,4
Microsoft,20 de Janeiro de 2017,Great Place to Work,2018-05-09,Secure Infrastructure Consultant (Funcionário Atual) –  ,São Paulo,NI,NI,NI,PrósDiversity and Culture,,NI,2c844bc375d0a4c2,5
Microsoft,20 de Janeiro de 2017,Good company,2018-05-09,Go to Market Manager (Ex-Funcionário) –  ,"SÃO PAULO, BR",NI,NI,NI,NI,NI,NI,2cf8c6e0e9fe3d9c,3
Microsoft,12 de Dezembro de 2016,empresa muito responsável e dedicada,2018-05-09,Auxiliar Administrativo (Ex-Funcionário) –  ,"Manaus, AM",NI,NI,NI,"Prósrefeição, auxilio hospitalar",,NI,76ec872e5d87e0a6,4
Microsoft,2 de Dezembro de 2016,Excellent work environment,2018-05-09,Demand Planning Manager (Ex-Funcionário) –  ,"Brazil, SP",NI,NI,NI,PrósExcellent health coverage,,NI,6d2936b5176af6b1,5
Microsoft,19 de Novembro de 2016,bom,2018-05-09,Compliance Manager Consultant (Ex-Funcionário) –  ,"São Paulo, SP",NI,NI,NI,"Próstecnologia, equipamentos.",Contrasum pouco de desconhecimento aos controles.,NI,5403fbbb61390656,4
Microsoft,14 de Outubro de 2016,dinâmica e agradável,2018-05-09,Auxiliar Administrativo Promotor devendas (Ex-Funcionário) –  ,"Manaus, AM",NI,NI,NI,NI,NI,NI,42c70696520ef11c,5
Microsoft,6 de Outubro de 2016,"Empresa dinâmica, local de trabalho",2018-05-09,Estágio em Operações no MTC (Ex-Funcionário) –  ,"São Paulo, SP",NI,NI,NI,NI,NI,NI,b2b8655808694daf,5
Microsoft,5 de Outubro de 2016,Empresa dinamica,2018-05-09,Consultor de vendas (Ex-Funcionário) –  ,"São Luís, MA",NI,NI,NI,PrósOTIMO RENDIMENTO SALARIAL,ContrasNÃO PAGA ALIMENTACAO,NI,fd03ec5531d7a86b,5
Microsoft,23 de Agosto de 2016,"Uma empresa ótima para trabalhar, mas foi descontinuada",2018-05-09,Analista Sr. De Engenharia de BA (Ex-Funcionário) –  ,"Manaus, AM",NI,NI,NI,PrósAmbiente de trabalho,ContrasNão tenho,NI,ea896182230299c5,5
Microsoft,8 de Agosto de 2016,"Empresa Dinâmica, Produtiva",2018-05-09,Operador de Produção I (Ex-Funcionário) –  ,"Manaus, AM",NI,NI,NI,PrósRefeição na Empresa,,NI,75b4b222a6892917,5
Microsoft,18 de Junho de 2016,Good place to work,2018-05-09,Premier Field Engineer (Ex-Funcionário) –  ,"São Paulo, SP",NI,NI,NI,"Prósbenefits, people, learning and career improvement opportunities",Contrassome managers are not prepared to lead and manage people,NI,0c62b4dd1e0beb29,5
Microsoft,30 de Maio de 2016,Empresa Fantástica e excelência.,2018-05-09,Assistente Administrativo (Ex-Funcionário) –  ,"Manaus, AM",NI,NI,NI,"PrósRefeição na Empresa, fornece vale transportes, Beneficio de saúde ortodôntico.",,NI,36d63a542ff8d824,5
Microsoft,19 de Maio de 2016,Bom,2018-05-09,Aluno Monitor (Ex-Funcionário) –  ,"São Paulo, SP",NI,NI,NI,PrósComunicação com o publico,ContrasSem remuneração/programa do governo.,NI,b5ac031504b99b30,3
Google,25 de Setembro de 2015,Empresa adecco(google maps) e agradavel,2018-05-09,MAPEADOR DE VIAS PUBLICAS (Ex-Funcionário) –  ,"Brasília, DF",NI,NI,NI,NI,NI,NI,52beafede276ed65,4
Google,17 de Abril de 2018,empresa muito boa em todos os ambientes,2018-05-09,Executivo de contas (Ex-Funcionário) –  ,"São Paulo, SP",NI,NI,NI,Próstecnologia,Contrashorarios,NI,8228d3570f9bbbc3,3
Google,17 de Abril de 2018,Excelente empresa para trabalhar,2018-05-09,Especialista de Venda II (Ex-Funcionário) –  ,São Paulo,NI,NI,NI,PrósBenefícios,ContrasGestão,NI,0cfda97a6740b6e6,4
Google,10 de Abril de 2018,Agradavel de trabalhar,2018-05-09,Estagiário no setor de Qualidade (Ex-Funcionário) –  ,"Rio de Janeiro, RJ",NI,NI,NI,PrósÓtimos funcionários,ContrasLocal distante,NI,2bd33d30f10eb5c7,5
Google,5 de Abril de 2018,Praticidade e Rapidez,2018-05-09,Desenvolvedor Unity (Ex-Funcionário) –  ,Play Store,NI,NI,NI,NI,NI,NI,56565dd8756610eb,5
Google,29 de Março de 2018,Mediana,2018-05-09,Pesquisador (Ex-Funcionário) –  ,"Santos, SP",NI,NI,NI,PrósHorário flexivel,ContrasTrabalho na rua independente de qualquer coisa,NI,01983cff127e1270,3
Google,15 de Março de 2018,Empresa agradável de trabalhar,2018-05-09,Mepeamento de vias (Ex-Funcionário) –  ,"Londrina, PR",NI,NI,NI,NI,NI,NI,c65891b70309fd89,5
Google,10 de Fevereiro de 2018,Extremamente agradável de se trabalhar.,2018-05-09,Motorista de ligeiros / Mapeador (Ex-Funcionário) –  ,"São Paulo, Brasil",NI,NI,NI,PrósAutonomia para funcionários.,ContrasCreio que a única seria a dificuldade para progressão de carreira.,NI,02786310d201fa18,5
Google,30 de Janeiro de 2018,Uma ótima empresa para se trabalhar,2018-05-09,Analista de Suporte (Ex-Funcionário) –  ,"São Paulo, SP",NI,NI,NI,PrósAmbiente agradável de trabalho,"ContrasPontos que são fáceis de se implementar e corrigir como o retorno de Feedbacks de seus gestores, promover mais promoções internas aos funcionários qualificados e aptos as vagas em aberto, premiações aos funcionários, implementar PLR e vale alimentação",NI,0b923ff61dec9fd8,4
Google,18 de Janeiro de 2018,Empresa muito dinâmica,2018-05-09,Freelancer Developer SEO (Ex-Funcionário) –  ,"São Paulo, SP",NI,NI,NI,Prósremuneração,ContrasAutônomo,NI,3fd2ae69161dbbaf,5
Google,12 de Janeiro de 2018,Empresa que visa resultados mas com bem-estar dos funcionários,2018-05-09,Linguista (Ex-Funcionário) –  ,"São Paulo, SP",NI,NI,NI,PrósLiberdade,,NI,6f815a871b5b9675,5
Google,11 de Janeiro de 2018,"Empresa com uma dinâmica formidável, exemplo de empresa.",2018-05-09,Analista de Operações (Ex-Funcionário) –  ,"São Paulo, SP",NI,NI,NI,PrósRefeição disponibilizada nota 10.,ContrasNada a declarar.,NI,eadea3f93c756a96,5
Google,15 de Dezembro de 2017,"Ótimo ambiente de trabalho, clima leve e muito produtivo.",2018-05-09,Mapeador de Vias Públicas (Ex-Funcionário) –  ,"Rio de Janeiro, RJ",NI,NI,NI,NI,NI,NI,12d9092208095d3a,5
Google,18 de Outubro de 2017,Muito boa empresa,2018-05-09,Business Development Associate (Ex-Funcionário) –  ,"São Paulo, SP",NI,NI,NI,Próslocalização muito boa. Acesso fácil para trem.,ContrasCliente muito restrito.,NI,e2cb355065e4538d,5
Google,5 de Outubro de 2017,resumo,2018-05-09,editor (Funcionário Atual) –  ,internet,NI,NI,NI,NI,NI,NI,8fb3a06bcf71630c,5
Google,13 de Setembro de 2017,"Empresa dinâmica, com ambiente de trabalho agradável.",2018-05-09,Especialista em atendimento ao cliente II (Ex-Funcionário) –  ,"Vila Olímpia, SP",NI,NI,NI,PrósLiberdade de vestimenta e de expressão dos funcionários.,ContrasVale-refeição muito baixo,NI,e87da7d3bc333e33,5
Google,21 de Agosto de 2017,Boa empresa,2018-05-09,Consultor de Negócios (Ex-Funcionário) –  ,"Blumenau, SC",NI,NI,NI,PrósBeneficios,ContrasForma de trabalho,NI,8da318f0248dd224,5
Google,7 de Agosto de 2017,Empresa disposta a ajudar no que for necessário.,2018-05-09,Pesquisadora Junior (Ex-Funcionário) –  ,"São Paulo, SP",NI,NI,NI,PrósBrindes para quem bater meta.,Contrasnão ter horário certo de sair e/ou chegar em casa/faculdade/curso.,NI,5957c0753dba9bc5,4
Google,2 de Agosto de 2017,Ambiente diferenciado,2018-05-09,Executivo de Vendas (Ex-Funcionário) –  ,"São Paulo, SP",NI,NI,NI,PrósRefeição na empresa,ContrasNão fornece VA,NI,ff0ef5c753404615,5
Google,11 de Julho de 2017,Um Amadurecimento,2018-05-09,Analista Senior (Ex-Funcionário) –  ,"São Paulo, SP",NI,NI,NI,NI,NI,NI,679d8d21bb2a0f1b,5
Google,3 de Julho de 2017,Empresa agradável de trabalhar,2018-05-09,Estagiaria de Nutrição (Ex-Funcionário) –  ,"São Paulo, SP",NI,NI,NI,NI,NI,NI,e5a84ea45042a58f,5
Google,25 de Setembro de 2015,Empresa adecco(google maps) e agradavel,2018-05-09,MAPEADOR DE VIAS PUBLICAS (Ex-Funcionário) –  ,"Brasília, DF",NI,NI,NI,NI,NI,NI,52beafede276ed65,4
Google,24 de Junho de 2017,O Google faz um monte de promessas vagas que não costuma cumprir,2018-05-09,Curadoria de app (Funcionário Atual) –  ,"São Paulo, SP",NI,NI,NI,PrósTrabalhar de casa,ContrasAfeta sua vida pessoal,NI,a8273426e127fb1d,4
Google,20 de Junho de 2017,"Trabalho estimulante , bom clima organizacional",2018-05-09,Gerente Administrativo Financeiro (Ex-Funcionário) –  ,"Salvador, BA",NI,NI,NI,PrósAprendizado,ContrasAusência de remuneração,NI,7262f4e566302112,5
Google,23 de Maio de 2017,ótima empresa,2018-05-09,Analista de Qualidade (Ex-Funcionário) –  ,"São Paulo, SP",NI,NI,NI,Próssalario muito bom,Contrasnão fornecia vale alimentação,NI,5a52fd1c5a44b65b,5
Google,14 de Maio de 2017,E bom sermos independentes,2018-05-09,Youtuber (Funcionário Atual) –  ,Nova Iorque,NI,NI,NI,PrósIndependência,,NI,04cdf4fcf7117a05,5
Google,10 de Maio de 2017,Empresa com ambiente de trabalho agradável e dinâmica,2018-05-09,Business Inteligence na Agência 3 (Ex-Funcionário) –  ,"Rio de Janeiro, RJ",NI,NI,NI,PrósEmpresa com foco em produção de trabalho e flexível,ContrasValor de beneficio baixo,NI,321acc8a50921543,4
Google,10 de Maio de 2017,Great work culture,2018-05-09,"Manager, Rich Media & Ad Platforms Operations (Ex-Funcionário) –  ","São Paulo, BR",NI,NI,NI,NI,NI,NI,ff01fe590ef56c37,5
Google,16 de Abril de 2017,Excelente local para se trabalhar,2018-05-09,Publicitário (Ex-Funcionário) –  ,Home office,NI,NI,NI,NI,NI,NI,19a98bcffbbb8723,5
Google,30 de Março de 2017,Excelente empresa!,2018-05-09,Especialista em Android (Ex-Funcionário) –  ,"Belo Horizonte, MG",NI,NI,NI,NI,NI,NI,2853cb25f3338fb4,5
Google,23 de Março de 2017,Empresa com inúmeras possibilidades para desenvolvimento profissional e pessoal.,2018-05-09,Account Manager (Ex-Funcionário) –  ,"São Paulo, SP",NI,NI,NI,"Prósambiente, cursos, benefícios e gestão de pessoas.",,NI,fc72ebd84f9e2a13,5
Google,13 de Março de 2017,Agradável de trabalhar.,2018-05-09,VENDEDORA CEC CASA E CONSTRUÇÃO (Ex-Funcionário) –  ,"Campinas, SP",NI,NI,NI,NI,NI,NI,1f5256d76c7cdc58,5
Google,12 de Dezembro de 2016,Empresa excelente de trabalhar,2018-05-09,Mapeador de vias públicas (Ex-Funcionário) –  ,"São Paulo, SP",NI,NI,NI,NI,NI,NI,48975d240dbcf6e5,5
Google,10 de Outubro de 2016,Empresa atual,2018-05-09,Atendente de Telemarketing (Ex-Funcionário) –  ,São Paulo,NI,NI,NI,"Prósambiente agradável, bom salário",Contraso restaurante do local,NI,b33d4676e9af872d,4
Google,28 de Abril de 2016,Empresa Muito Agradável para se Trabalhar,2018-05-09,Analista de Marketing (Ex-Funcionário) –  ,"São Paulo, SP",NI,NI,NI,,ContrasVale refeição não é muito bom,NI,e17da7e00ef4d2a9,4
Google,22 de Março de 2016,Trabalho foi excelente mesmo que temporário,2018-05-09,Walker (Ex-Funcionário) –  ,"Rio de Janeiro, RJ",NI,NI,NI,Prósbeneficios,Contrassem planos de saúde e alimentação,NI,311d96e99d097442,4
Google,16 de Fevereiro de 2016,Empresa agradável de se trabalhar,2018-05-09,Desk Manager Software (Ex-Funcionário) –  ,"Poá, SP",NI,NI,NI,PrósAmbiente agradável,,NI,30e4dce5a8aaf236,4
Google,18 de Novembro de 2015,Ambiente de trabalho agradável,2018-05-09,Front Desk (Temporário) (Ex-Funcionário) –  ,"Belo Horizonte, MG",NI,NI,NI,PrósRefeição na empresa,,NI,e819990cdddde95d,5
Google,10 de Novembro de 2015,Empresa Dinamica e divertida de trabalhar,2018-05-09,Coordenador de Operações Latam (Ex-Funcionário) –  ,"São Paulo, SP",NI,NI,NI,PrósRefeição da Empresa,ContrasNão há.,NI,5c40e3d145a134cf,5
Google,24 de Outubro de 2015,Empresa dinâmica e Agrádavel,2018-05-09,Assistente Administrativo (Ex-Funcionário) –  ,"São Paulo, SP",NI,NI,NI,NI,NI,NI,e244d05eeec7cc90,4
Google,27 de Agosto de 2015,Empresa com ótimo ambiente de Trabalho,2018-05-09,Analista de Operações Facilities (Ex-Funcionário) –  ,"São Paulo, SP",NI,NI,NI,PrósAlimentação excelente,ContrasContrato Temporário sem chance de efetivar,NI,d2a4522821091c57,5
Google,18 de Julho de 2015,Great place to work,2018-05-09,Head of Industry (Funcionário Atual) –  ,"São Paulo, SP",NI,NI,NI,NI,NI,NI,fa270c38a0b0dce6,5
